Date,Job Title,Industry,Skills,Salary,Location
2020-01-01 00:00:00.000000000,Machine Learning Scientist,Healthcare,"Big Data, NLP",85795,Bangalore
2020-01-04 15:52:18.276553106,Natural Language Processing Engineer,Manufacturing,"Deep Learning, Python, TensorFlow, NLP",70860,Berlin
2020-01-08 07:44:36.553106212,Data Scientist,Healthcare,"NLP, Machine Learning, TensorFlow, Deep Learning",173694,London
2020-01-11 23:36:54.829659318,AI Engineer,Education,"Python, Big Data, Data Analysis, NLP",146820,San Francisco
2020-01-15 15:29:13.106212424,Data Scientist,Retail,"Big Data, Data Analysis, Machine Learning, Computer Vision",124886,Bangalore
2020-01-19 07:21:31.382765531,Deep Learning Engineer,Finance,"Deep Learning, Python, Machine Learning, Data Analysis, TensorFlow",76265,Bangalore
2020-01-22 23:13:49.659318637,Machine Learning Scientist,Finance,"Data Analysis, Big Data, TensorFlow, NLP, Computer Vision",152386,London
2020-01-26 15:06:07.935871743,Machine Learning Scientist,Manufacturing,"Data Analysis, NLP, Deep Learning, Python, Big Data",107194,London
2020-01-30 06:58:26.212424849,AI Researcher,Healthcare,"Big Data, PyTorch, Machine Learning, Data Analysis",157498,Berlin
2020-02-02 22:50:44.488977955,Machine Learning Scientist,Healthcare,"Machine Learning, Data Analysis",114131,New York
2020-02-06 14:43:02.765531062,AI Researcher,Technology,"TensorFlow, PyTorch",130263,London
2020-02-10 06:35:21.042084168,Natural Language Processing Engineer,Retail,"Big Data, Machine Learning, NLP, Python",86023,London
2020-02-13 22:27:39.318637274,AI Engineer,Education,"Machine Learning, Data Analysis, Python, PyTorch",111090,Tokyo
2020-02-17 14:19:57.595190380,Deep Learning Engineer,Finance,"TensorFlow, Deep Learning, PyTorch, Computer Vision",137221,San Francisco
2020-02-21 06:12:15.871743486,AI Researcher,Technology,"TensorFlow, Deep Learning, Machine Learning, PyTorch",134820,Tokyo
2020-02-24 22:04:34.148296593,AI Engineer,Technology,"PyTorch, Python, Deep Learning, Big Data",70769,Tokyo
2020-02-28 13:56:52.424849699,Machine Learning Scientist,Manufacturing,"Data Analysis, Computer Vision, PyTorch, Deep Learning",129735,Bangalore
2020-03-03 05:49:10.701402805,Machine Learning Scientist,Finance,"Data Analysis, Big Data, TensorFlow, NLP",132955,New York
2020-03-06 21:41:28.977955911,AI Engineer,Manufacturing,"Machine Learning, Data Analysis, PyTorch, Python, Big Data",134925,San Francisco
2020-03-10 13:33:47.254509018,Machine Learning Scientist,Education,"Big Data, NLP, TensorFlow, Deep Learning, Computer Vision",137969,Berlin
2020-03-14 05:26:05.531062124,Natural Language Processing Engineer,Technology,"TensorFlow, Python",75311,Berlin
2020-03-17 21:18:23.807615230,Natural Language Processing Engineer,Technology,"Machine Learning, TensorFlow, Python, Deep Learning, Computer Vision",173355,London
2020-03-21 13:10:42.084168336,AI Engineer,Retail,"Computer Vision, Python, PyTorch",174724,London
2020-03-25 05:03:00.360721442,AI Researcher,Education,"TensorFlow, Big Data",153104,Berlin
2020-03-28 20:55:18.637274548,AI Researcher,Technology,"Big Data, NLP",123707,London
2020-04-01 12:47:36.913827655,AI Engineer,Education,"Deep Learning, TensorFlow, PyTorch, Big Data, NLP",155305,New York
2020-04-05 04:39:55.190380761,AI Researcher,Finance,"Machine Learning, NLP",98693,Tokyo
2020-04-08 20:32:13.466933867,AI Researcher,Healthcare,"Big Data, Computer Vision, Machine Learning, NLP",141932,London
2020-04-12 12:24:31.743486973,Natural Language Processing Engineer,Technology,"Deep Learning, Computer Vision, Python",163016,Bangalore
2020-04-16 04:16:50.020040080,AI Researcher,Retail,"TensorFlow, Deep Learning",176970,London
2020-04-19 20:09:08.296593186,Data Scientist,Finance,"NLP, Machine Learning, Deep Learning",95658,San Francisco
2020-04-23 12:01:26.573146292,Deep Learning Engineer,Education,"PyTorch, Python, TensorFlow",154478,New York
2020-04-27 03:53:44.849699398,Machine Learning Scientist,Manufacturing,"NLP, Big Data, Data Analysis, Computer Vision, TensorFlow",88431,San Francisco
2020-04-30 19:46:03.126252504,Data Scientist,Finance,"Big Data, PyTorch, Data Analysis, Deep Learning",72747,San Francisco
2020-05-04 11:38:21.402805610,AI Researcher,Technology,"Python, Machine Learning",129150,Bangalore
2020-05-08 03:30:39.679358716,Natural Language Processing Engineer,Education,"NLP, Python",135725,New York
2020-05-11 19:22:57.955911822,AI Engineer,Healthcare,"Machine Learning, PyTorch",154654,New York
2020-05-15 11:15:16.232464928,AI Researcher,Finance,"Deep Learning, Data Analysis",105773,New York
2020-05-19 03:07:34.509018036,Natural Language Processing Engineer,Technology,"NLP, Python",137435,New York
2020-05-22 18:59:52.785571142,Deep Learning Engineer,Retail,"Big Data, PyTorch, Data Analysis",126886,New York
2020-05-26 10:52:11.062124248,AI Researcher,Manufacturing,"Machine Learning, Data Analysis, NLP, Deep Learning",136803,Bangalore
2020-05-30 02:44:29.338677354,AI Engineer,Education,"TensorFlow, Python, NLP",101551,London
2020-06-02 18:36:47.615230460,Natural Language Processing Engineer,Finance,"NLP, TensorFlow",81394,San Francisco
2020-06-06 10:29:05.891783566,Natural Language Processing Engineer,Finance,"Machine Learning, Computer Vision, NLP, Deep Learning, Data Analysis",139092,New York
2020-06-10 02:21:24.168336672,Natural Language Processing Engineer,Healthcare,"TensorFlow, Python, Data Analysis, PyTorch, Big Data",73890,London
2020-06-13 18:13:42.444889778,Deep Learning Engineer,Healthcare,"Big Data, Deep Learning, Computer Vision, Machine Learning, Python",111606,London
2020-06-17 10:06:00.721442884,AI Researcher,Retail,"Python, TensorFlow, Machine Learning, Deep Learning, Computer Vision",166276,San Francisco
2020-06-21 01:58:18.997995990,Deep Learning Engineer,Manufacturing,"NLP, Computer Vision",150038,Bangalore
2020-06-24 17:50:37.274549096,Machine Learning Scientist,Retail,"Machine Learning, Big Data, Deep Learning",157313,Berlin
2020-06-28 09:42:55.551102204,Machine Learning Scientist,Technology,"Machine Learning, Computer Vision, Deep Learning, Python, PyTorch",80627,Berlin
2020-07-02 01:35:13.827655310,AI Researcher,Technology,"TensorFlow, Deep Learning, Python",78792,London
2020-07-05 17:27:32.104208416,Deep Learning Engineer,Retail,"NLP, PyTorch",178859,Tokyo
2020-07-09 09:19:50.380761522,AI Engineer,Manufacturing,"Big Data, Python, TensorFlow, Data Analysis",178557,Tokyo
2020-07-13 01:12:08.657314628,Natural Language Processing Engineer,Retail,"Python, Data Analysis, PyTorch",143969,San Francisco
2020-07-16 17:04:26.933867734,Natural Language Processing Engineer,Manufacturing,"Machine Learning, Data Analysis, Python, NLP, Big Data",113001,Berlin
2020-07-20 08:56:45.210420840,AI Researcher,Manufacturing,"Big Data, Machine Learning, Deep Learning",146552,London
2020-07-24 00:49:03.486973946,Machine Learning Scientist,Education,"Machine Learning, NLP, Big Data, Deep Learning",93897,Bangalore
2020-07-27 16:41:21.763527052,Machine Learning Scientist,Manufacturing,"PyTorch, Deep Learning",138148,Berlin
2020-07-31 08:33:40.040080160,Natural Language Processing Engineer,Healthcare,"Computer Vision, TensorFlow",93483,London
2020-08-04 00:25:58.316633264,AI Researcher,Manufacturing,"Deep Learning, NLP",118555,London
2020-08-07 16:18:16.593186372,Deep Learning Engineer,Manufacturing,"Machine Learning, TensorFlow",87159,New York
2020-08-11 08:10:34.869739476,Machine Learning Scientist,Manufacturing,"NLP, Python, PyTorch, Big Data, Machine Learning",176530,Bangalore
2020-08-15 00:02:53.146292584,Deep Learning Engineer,Technology,"Big Data, Data Analysis",150077,New York
2020-08-18 15:55:11.422845688,Machine Learning Scientist,Healthcare,"Python, Big Data, Machine Learning, TensorFlow, Data Analysis",105920,San Francisco
2020-08-22 07:47:29.699398796,Machine Learning Scientist,Healthcare,"Data Analysis, Python",162067,New York
2020-08-25 23:39:47.975951904,Data Scientist,Retail,"Computer Vision, Deep Learning, Python, PyTorch",137121,New York
2020-08-29 15:32:06.252505008,Machine Learning Scientist,Education,"Python, Computer Vision, Big Data, Data Analysis",139479,Berlin
2020-09-02 07:24:24.529058116,AI Engineer,Manufacturing,"Data Analysis, NLP",159475,Tokyo
2020-09-05 23:16:42.805611220,AI Researcher,Finance,"Python, Big Data, Data Analysis",89457,London
2020-09-09 15:09:01.082164328,AI Researcher,Education,"NLP, Computer Vision",136557,Bangalore
2020-09-13 07:01:19.358717432,Deep Learning Engineer,Education,"PyTorch, TensorFlow",147189,New York
2020-09-16 22:53:37.635270540,Machine Learning Scientist,Healthcare,"TensorFlow, Computer Vision",179109,Bangalore
2020-09-20 14:45:55.911823644,AI Engineer,Education,"NLP, Deep Learning, Machine Learning, PyTorch, Data Analysis",148953,Tokyo
2020-09-24 06:38:14.188376752,Deep Learning Engineer,Manufacturing,"Python, TensorFlow, Computer Vision, NLP, Deep Learning",122995,Tokyo
2020-09-27 22:30:32.464929856,Data Scientist,Manufacturing,"Deep Learning, Computer Vision, Machine Learning",110757,New York
2020-10-01 14:22:50.741482964,Deep Learning Engineer,Technology,"Deep Learning, NLP, PyTorch, TensorFlow",79692,San Francisco
2020-10-05 06:15:09.018036072,Deep Learning Engineer,Manufacturing,"Machine Learning, NLP, Computer Vision",115758,New York
2020-10-08 22:07:27.294589176,Machine Learning Scientist,Manufacturing,"Python, TensorFlow, Big Data, Computer Vision, Deep Learning",142409,Berlin
2020-10-12 13:59:45.571142284,Data Scientist,Healthcare,"TensorFlow, Computer Vision",141211,London
2020-10-16 05:52:03.847695388,Deep Learning Engineer,Manufacturing,"Computer Vision, Data Analysis, TensorFlow",135697,San Francisco
2020-10-19 21:44:22.124248496,AI Engineer,Technology,"Machine Learning, NLP",107065,New York
2020-10-23 13:36:40.400801600,AI Engineer,Finance,"Python, Computer Vision, NLP",162093,Bangalore
2020-10-27 05:28:58.677354708,AI Researcher,Healthcare,"NLP, Computer Vision, Data Analysis",169299,San Francisco
2020-10-30 21:21:16.953907812,Data Scientist,Finance,"Machine Learning, Big Data, Computer Vision, PyTorch, Python",102606,San Francisco
2020-11-03 13:13:35.230460920,Data Scientist,Healthcare,"Data Analysis, NLP, Machine Learning, Python",81534,New York
2020-11-07 05:05:53.507014024,AI Researcher,Retail,"PyTorch, Computer Vision, NLP, Big Data, Python",164663,San Francisco
2020-11-10 20:58:11.783567132,Deep Learning Engineer,Education,"PyTorch, NLP, Python, Deep Learning",110397,Bangalore
2020-11-14 12:50:30.060120240,Data Scientist,Retail,"Machine Learning, Computer Vision, Data Analysis, Python",161387,Tokyo
2020-11-18 04:42:48.336673344,AI Engineer,Manufacturing,"TensorFlow, Computer Vision",71016,San Francisco
2020-11-21 20:35:06.613226452,AI Engineer,Finance,"Machine Learning, Big Data, Python, NLP, TensorFlow",159789,Tokyo
2020-11-25 12:27:24.889779556,Machine Learning Scientist,Manufacturing,"Big Data, NLP, Computer Vision",125591,Bangalore
2020-11-29 04:19:43.166332664,Data Scientist,Education,"Computer Vision, NLP, Data Analysis, PyTorch",159812,New York
2020-12-02 20:12:01.442885768,Deep Learning Engineer,Healthcare,"Data Analysis, Deep Learning, Computer Vision, PyTorch, Machine Learning",93247,London
2020-12-06 12:04:19.719438876,AI Researcher,Education,"PyTorch, Machine Learning, Computer Vision, Data Analysis",94300,San Francisco
2020-12-10 03:56:37.995991980,AI Researcher,Technology,"Machine Learning, NLP",144065,London
2020-12-13 19:48:56.272545088,Deep Learning Engineer,Education,"PyTorch, Machine Learning, Big Data, TensorFlow",152798,Bangalore
2020-12-17 11:41:14.549098192,Natural Language Processing Engineer,Technology,"TensorFlow, Data Analysis, Deep Learning, Big Data",79268,San Francisco
2020-12-21 03:33:32.825651300,Machine Learning Scientist,Education,"PyTorch, Big Data, TensorFlow, NLP",156807,Tokyo
2020-12-24 19:25:51.102204408,AI Researcher,Technology,"Machine Learning, Data Analysis, TensorFlow, Computer Vision",82185,Berlin
2020-12-28 11:18:09.378757512,Data Scientist,Finance,"Computer Vision, NLP",133704,London
2021-01-01 03:10:27.655310620,Machine Learning Scientist,Manufacturing,"Big Data, NLP, Deep Learning, PyTorch",156779,San Francisco
2021-01-04 19:02:45.931863724,Data Scientist,Manufacturing,"NLP, Machine Learning",109099,London
2021-01-08 10:55:04.208416832,AI Engineer,Retail,"PyTorch, Computer Vision, Machine Learning, NLP",78571,San Francisco
2021-01-12 02:47:22.484969936,Machine Learning Scientist,Manufacturing,"Big Data, Data Analysis, PyTorch, Python, Machine Learning",175512,New York
2021-01-15 18:39:40.761523044,AI Researcher,Healthcare,"TensorFlow, Big Data, NLP",108044,Tokyo
2021-01-19 10:31:59.038076148,Machine Learning Scientist,Education,"Big Data, TensorFlow",121214,London
2021-01-23 02:24:17.314629256,Machine Learning Scientist,Retail,"Data Analysis, Machine Learning, PyTorch",131228,Berlin
2021-01-26 18:16:35.591182364,Machine Learning Scientist,Healthcare,"Big Data, Computer Vision",118984,Berlin
2021-01-30 10:08:53.867735468,Natural Language Processing Engineer,Healthcare,"Python, Data Analysis",110774,Bangalore
2021-02-03 02:01:12.144288576,Machine Learning Scientist,Technology,"Data Analysis, PyTorch",72568,San Francisco
2021-02-06 17:53:30.420841680,Data Scientist,Manufacturing,"PyTorch, Deep Learning, Data Analysis",132592,London
2021-02-10 09:45:48.697394788,AI Engineer,Finance,"Data Analysis, Deep Learning, NLP, PyTorch, Machine Learning",137563,Bangalore
2021-02-14 01:38:06.973947892,Deep Learning Engineer,Finance,"Deep Learning, Big Data, Machine Learning",72695,London
2021-02-17 17:30:25.250501000,Machine Learning Scientist,Retail,"Big Data, Data Analysis, Machine Learning, Python, PyTorch",118190,San Francisco
2021-02-21 09:22:43.527054104,AI Researcher,Finance,"Machine Learning, Deep Learning, TensorFlow, Python, Data Analysis",75258,Berlin
2021-02-25 01:15:01.803607208,Machine Learning Scientist,Education,"Data Analysis, TensorFlow",157538,New York
2021-02-28 17:07:20.080160320,AI Researcher,Finance,"Deep Learning, Computer Vision",109504,Berlin
2021-03-04 08:59:38.356713424,Data Scientist,Retail,"Computer Vision, NLP, Python, PyTorch",103159,Bangalore
2021-03-08 00:51:56.633266528,AI Researcher,Finance,"TensorFlow, Computer Vision, Big Data, NLP",83986,Tokyo
2021-03-11 16:44:14.909819640,Deep Learning Engineer,Education,"NLP, Computer Vision",131858,New York
2021-03-15 08:36:33.186372744,AI Engineer,Technology,"Data Analysis, TensorFlow, Deep Learning, Machine Learning",82666,Bangalore
2021-03-19 00:28:51.462925848,AI Researcher,Retail,"Python, Data Analysis, PyTorch",108660,San Francisco
2021-03-22 16:21:09.739478952,AI Researcher,Technology,"Deep Learning, PyTorch, NLP, Machine Learning",73561,New York
2021-03-26 08:13:28.016032064,AI Engineer,Technology,"Machine Learning, Data Analysis, Deep Learning",96854,Bangalore
2021-03-30 00:05:46.292585168,Deep Learning Engineer,Technology,"Big Data, Machine Learning",134505,San Francisco
2021-04-02 15:58:04.569138272,Machine Learning Scientist,Healthcare,"PyTorch, Data Analysis, Machine Learning, Deep Learning, NLP",174488,Berlin
2021-04-06 07:50:22.845691376,AI Researcher,Manufacturing,"TensorFlow, Big Data, Computer Vision, NLP",122251,Tokyo
2021-04-09 23:42:41.122244488,AI Engineer,Healthcare,"TensorFlow, Python, PyTorch",92662,San Francisco
2021-04-13 15:34:59.398797592,Data Scientist,Manufacturing,"Deep Learning, Machine Learning, Big Data, Data Analysis, Computer Vision",78392,London
2021-04-17 07:27:17.675350696,AI Engineer,Technology,"Computer Vision, Deep Learning, PyTorch, Python, TensorFlow",100535,San Francisco
2021-04-20 23:19:35.951903808,Data Scientist,Retail,"Big Data, Machine Learning, Deep Learning",148603,San Francisco
2021-04-24 15:11:54.228456912,Deep Learning Engineer,Manufacturing,"PyTorch, Python, TensorFlow, Big Data, Computer Vision",122256,Tokyo
2021-04-28 07:04:12.505010016,Machine Learning Scientist,Education,"Big Data, Data Analysis, Deep Learning",159135,London
2021-05-01 22:56:30.781563120,AI Engineer,Education,"Machine Learning, TensorFlow, Deep Learning, Computer Vision, Data Analysis",105222,Bangalore
2021-05-05 14:48:49.058116232,Natural Language Processing Engineer,Finance,"PyTorch, Computer Vision",147373,Bangalore
2021-05-09 06:41:07.334669336,AI Researcher,Manufacturing,"TensorFlow, Python, NLP, Machine Learning, Deep Learning",149575,San Francisco
2021-05-12 22:33:25.611222440,Deep Learning Engineer,Retail,"NLP, TensorFlow, Machine Learning",166354,London
2021-05-16 14:25:43.887775544,AI Engineer,Healthcare,"NLP, Deep Learning",154651,London
2021-05-20 06:18:02.164328656,AI Researcher,Technology,"Data Analysis, Deep Learning",133335,Tokyo
2021-05-23 22:10:20.440881760,AI Engineer,Finance,"Computer Vision, NLP, Big Data",80965,Berlin
2021-05-27 14:02:38.717434864,Data Scientist,Education,"Big Data, PyTorch, Machine Learning, Python",94538,Bangalore
2021-05-31 05:54:56.993987976,AI Engineer,Healthcare,"Computer Vision, Data Analysis",178066,Tokyo
2021-06-03 21:47:15.270541080,Natural Language Processing Engineer,Healthcare,"Data Analysis, NLP",140592,New York
2021-06-07 13:39:33.547094184,AI Engineer,Technology,"TensorFlow, Computer Vision, Machine Learning",168018,Bangalore
2021-06-11 05:31:51.823647288,AI Engineer,Manufacturing,"NLP, Computer Vision, PyTorch, Machine Learning, TensorFlow",78110,Tokyo
2021-06-14 21:24:10.100200400,Natural Language Processing Engineer,Education,"Machine Learning, Deep Learning, PyTorch",149309,Bangalore
2021-06-18 13:16:28.376753504,Deep Learning Engineer,Retail,"Computer Vision, Deep Learning, Data Analysis",97266,Berlin
2021-06-22 05:08:46.653306608,AI Engineer,Healthcare,"PyTorch, Big Data, NLP, Deep Learning",122992,New York
2021-06-25 21:01:04.929859712,Natural Language Processing Engineer,Technology,"Computer Vision, NLP, Machine Learning, Python, Deep Learning",152948,Berlin
2021-06-29 12:53:23.206412824,AI Researcher,Retail,"Deep Learning, TensorFlow, PyTorch, Machine Learning",168806,New York
2021-07-03 04:45:41.482965928,Data Scientist,Manufacturing,"TensorFlow, NLP, Big Data",76910,San Francisco
2021-07-06 20:37:59.759519032,Data Scientist,Education,"Machine Learning, NLP, Big Data, Python, Data Analysis",160982,Tokyo
2021-07-10 12:30:18.036072144,AI Engineer,Manufacturing,"NLP, Python, Computer Vision, Machine Learning",70206,New York
2021-07-14 04:22:36.312625248,Deep Learning Engineer,Healthcare,"NLP, Big Data, Deep Learning",157054,Berlin
2021-07-17 20:14:54.589178352,Deep Learning Engineer,Retail,"Python, NLP, TensorFlow, PyTorch, Machine Learning",157897,Bangalore
2021-07-21 12:07:12.865731456,AI Researcher,Retail,"NLP, TensorFlow",93419,New York
2021-07-25 03:59:31.142284568,AI Engineer,Retail,"Computer Vision, Data Analysis, Machine Learning",120636,Tokyo
2021-07-28 19:51:49.418837672,Data Scientist,Healthcare,"Computer Vision, Data Analysis, PyTorch, Python, Deep Learning",120015,New York
2021-08-01 11:44:07.695390776,Deep Learning Engineer,Healthcare,"Data Analysis, Python",177059,London
2021-08-05 03:36:25.971943880,AI Engineer,Manufacturing,"Python, Computer Vision, Deep Learning, PyTorch, Big Data",124268,Bangalore
2021-08-08 19:28:44.248496992,Deep Learning Engineer,Finance,"Data Analysis, Python",157939,Tokyo
2021-08-12 11:21:02.525050096,Natural Language Processing Engineer,Manufacturing,"PyTorch, TensorFlow, Python",88141,Tokyo
2021-08-16 03:13:20.801603200,Deep Learning Engineer,Education,"Data Analysis, Deep Learning",150356,San Francisco
2021-08-19 19:05:39.078156312,Data Scientist,Technology,"Computer Vision, Machine Learning, Data Analysis, Big Data, NLP",175878,Berlin
2021-08-23 10:57:57.354709416,Machine Learning Scientist,Retail,"PyTorch, Deep Learning, Python, TensorFlow, Data Analysis",141910,San Francisco
2021-08-27 02:50:15.631262520,AI Researcher,Finance,"Deep Learning, Machine Learning, Big Data",126044,Tokyo
2021-08-30 18:42:33.907815624,AI Researcher,Technology,"TensorFlow, Machine Learning, NLP, Computer Vision",137214,Bangalore
2021-09-03 10:34:52.184368736,Data Scientist,Finance,"PyTorch, Deep Learning",103827,New York
2021-09-07 02:27:10.460921840,Deep Learning Engineer,Manufacturing,"PyTorch, Computer Vision, Machine Learning, Big Data, Python",125820,New York
2021-09-10 18:19:28.737474944,AI Engineer,Healthcare,"TensorFlow, Deep Learning, Python, NLP",132623,Bangalore
2021-09-14 10:11:47.014028048,Deep Learning Engineer,Retail,"Big Data, PyTorch",151734,Tokyo
2021-09-18 02:04:05.290581160,Data Scientist,Manufacturing,"Big Data, Deep Learning, Machine Learning",145450,New York
2021-09-21 17:56:23.567134264,AI Researcher,Technology,"Data Analysis, Python, TensorFlow, Deep Learning, Machine Learning",163426,New York
2021-09-25 09:48:41.843687368,Deep Learning Engineer,Technology,"Big Data, Data Analysis",92299,New York
2021-09-29 01:41:00.120240480,AI Researcher,Technology,"Machine Learning, TensorFlow, Python, PyTorch",113585,Berlin
2021-10-02 17:33:18.396793584,AI Engineer,Technology,"TensorFlow, NLP, Data Analysis, Machine Learning",179225,Berlin
2021-10-06 09:25:36.673346688,AI Researcher,Technology,"Machine Learning, Data Analysis",134044,London
2021-10-10 01:17:54.949899792,AI Researcher,Finance,"Data Analysis, PyTorch",112557,San Francisco
2021-10-13 17:10:13.226452904,Machine Learning Scientist,Manufacturing,"Big Data, PyTorch, Deep Learning",119080,Bangalore
2021-10-17 09:02:31.503006008,Machine Learning Scientist,Retail,"NLP, Data Analysis, Big Data, Machine Learning, PyTorch",179556,Bangalore
2021-10-21 00:54:49.779559112,Natural Language Processing Engineer,Healthcare,"NLP, Data Analysis, Big Data",72693,Bangalore
2021-10-24 16:47:08.056112216,Machine Learning Scientist,Healthcare,"NLP, Big Data",165003,London
2021-10-28 08:39:26.332665328,AI Researcher,Manufacturing,"TensorFlow, Data Analysis, Big Data",165259,Berlin
2021-11-01 00:31:44.609218432,Data Scientist,Manufacturing,"NLP, Big Data, Python",139163,Tokyo
2021-11-04 16:24:02.885771536,AI Researcher,Healthcare,"NLP, Big Data, Computer Vision",95939,Tokyo
2021-11-08 08:16:21.162324648,Data Scientist,Healthcare,"NLP, Big Data, Computer Vision, Python, Machine Learning",118925,London
2021-11-12 00:08:39.438877752,Data Scientist,Finance,"Deep Learning, Data Analysis",112941,Tokyo
2021-11-15 16:00:57.715430856,Machine Learning Scientist,Education,"Computer Vision, Python, Data Analysis",91834,Bangalore
2021-11-19 07:53:15.991983960,Deep Learning Engineer,Retail,"PyTorch, TensorFlow, Data Analysis, Deep Learning",88047,San Francisco
2021-11-22 23:45:34.268537072,AI Engineer,Technology,"Data Analysis, NLP, Deep Learning, Python, Machine Learning",96105,New York
2021-11-26 15:37:52.545090176,Machine Learning Scientist,Education,"PyTorch, TensorFlow, NLP, Machine Learning, Computer Vision",145766,Berlin
2021-11-30 07:30:10.821643280,Machine Learning Scientist,Manufacturing,"Big Data, Computer Vision, TensorFlow",85707,Berlin
2021-12-03 23:22:29.098196384,Deep Learning Engineer,Healthcare,"PyTorch, NLP, Data Analysis",91976,London
2021-12-07 15:14:47.374749496,AI Engineer,Education,"PyTorch, Python, Big Data, Deep Learning, NLP",114262,Berlin
2021-12-11 07:07:05.651302600,AI Researcher,Retail,"Machine Learning, Big Data, Deep Learning, NLP, TensorFlow",93776,Bangalore
2021-12-14 22:59:23.927855704,Natural Language Processing Engineer,Manufacturing,"Big Data, Python",100080,Tokyo
2021-12-18 14:51:42.204408816,Natural Language Processing Engineer,Technology,"PyTorch, Big Data",136842,Bangalore
2021-12-22 06:44:00.480961920,AI Researcher,Technology,"Machine Learning, PyTorch",131373,London
2021-12-25 22:36:18.757515024,Machine Learning Scientist,Retail,"NLP, Big Data, Computer Vision",76776,Bangalore
2021-12-29 14:28:37.034068128,AI Engineer,Retail,"Big Data, Deep Learning, Data Analysis",162787,Tokyo
2022-01-02 06:20:55.310621240,Machine Learning Scientist,Healthcare,"Deep Learning, NLP, Data Analysis, Big Data",125016,San Francisco
2022-01-05 22:13:13.587174344,Data Scientist,Technology,"Deep Learning, Data Analysis, PyTorch",79474,London
2022-01-09 14:05:31.863727448,Machine Learning Scientist,Manufacturing,"Python, PyTorch, Big Data, TensorFlow, NLP",175830,San Francisco
2022-01-13 05:57:50.140280560,Machine Learning Scientist,Education,"TensorFlow, Machine Learning",128053,New York
2022-01-16 21:50:08.416833664,AI Researcher,Manufacturing,"Computer Vision, TensorFlow, Data Analysis",91959,San Francisco
2022-01-20 13:42:26.693386768,AI Researcher,Finance,"Machine Learning, Data Analysis, NLP, TensorFlow, Python",75530,New York
2022-01-24 05:34:44.969939872,AI Researcher,Finance,"PyTorch, Machine Learning, TensorFlow, Big Data",164856,New York
2022-01-27 21:27:03.246492984,Natural Language Processing Engineer,Retail,"NLP, Computer Vision, Deep Learning, PyTorch",73748,San Francisco
2022-01-31 13:19:21.523046088,Data Scientist,Healthcare,"Deep Learning, Machine Learning, Data Analysis, TensorFlow, NLP",167504,London
2022-02-04 05:11:39.799599192,AI Researcher,Finance,"PyTorch, NLP, Data Analysis, Machine Learning",168098,Tokyo
2022-02-07 21:03:58.076152296,AI Engineer,Technology,"Big Data, Deep Learning, PyTorch, Python",83545,Bangalore
2022-02-11 12:56:16.352705408,Natural Language Processing Engineer,Manufacturing,"Machine Learning, Deep Learning",136199,Bangalore
2022-02-15 04:48:34.629258512,Deep Learning Engineer,Manufacturing,"PyTorch, TensorFlow",104766,Tokyo
2022-02-18 20:40:52.905811616,AI Engineer,Retail,"Big Data, TensorFlow, Data Analysis, Machine Learning",143530,New York
2022-02-22 12:33:11.182364728,AI Engineer,Education,"NLP, Data Analysis",163557,New York
2022-02-26 04:25:29.458917832,AI Researcher,Retail,"PyTorch, Deep Learning",131087,London
2022-03-01 20:17:47.735470936,Deep Learning Engineer,Education,"PyTorch, Machine Learning, Big Data, Computer Vision",165839,Berlin
2022-03-05 12:10:06.012024040,Deep Learning Engineer,Retail,"PyTorch, NLP, Computer Vision, Deep Learning",138840,San Francisco
2022-03-09 04:02:24.288577152,Natural Language Processing Engineer,Retail,"Machine Learning, TensorFlow",124384,New York
2022-03-12 19:54:42.565130256,Deep Learning Engineer,Retail,"Machine Learning, NLP, Python, Data Analysis, TensorFlow",121005,Bangalore
2022-03-16 11:47:00.841683360,Data Scientist,Education,"PyTorch, Deep Learning",116576,London
2022-03-20 03:39:19.118236464,AI Researcher,Education,"Python, PyTorch, Deep Learning, Machine Learning",109353,San Francisco
2022-03-23 19:31:37.394789576,Deep Learning Engineer,Retail,"Machine Learning, Data Analysis, TensorFlow",132003,London
2022-03-27 11:23:55.671342680,Natural Language Processing Engineer,Finance,"NLP, Python, Data Analysis, Deep Learning",153211,San Francisco
2022-03-31 03:16:13.947895784,Data Scientist,Healthcare,"Python, NLP, Data Analysis, Machine Learning, Computer Vision",122733,San Francisco
2022-04-03 19:08:32.224448896,Machine Learning Scientist,Healthcare,"NLP, Big Data",135318,Tokyo
2022-04-07 11:00:50.501002000,Machine Learning Scientist,Healthcare,"Computer Vision, Machine Learning, TensorFlow, Big Data, PyTorch",179953,New York
2022-04-11 02:53:08.777555104,Data Scientist,Education,"Big Data, Computer Vision, Machine Learning, NLP, Data Analysis",159474,London
2022-04-14 18:45:27.054108208,Natural Language Processing Engineer,Education,"Big Data, Computer Vision, NLP, Python",93664,London
2022-04-18 10:37:45.330661312,Data Scientist,Finance,"Machine Learning, Python, Big Data, PyTorch",137172,Tokyo
2022-04-22 02:30:03.607214416,AI Researcher,Healthcare,"Computer Vision, Big Data",155616,Bangalore
2022-04-25 18:22:21.883767536,AI Researcher,Healthcare,"PyTorch, NLP, Machine Learning, Big Data",163264,Bangalore
2022-04-29 10:14:40.160320640,Machine Learning Scientist,Retail,"NLP, Python, Big Data, Machine Learning",96736,New York
2022-05-03 02:06:58.436873744,Deep Learning Engineer,Education,"Machine Learning, NLP",164209,New York
2022-05-06 17:59:16.713426848,Natural Language Processing Engineer,Healthcare,"NLP, Big Data, Computer Vision",173041,Berlin
2022-05-10 09:51:34.989979952,Machine Learning Scientist,Manufacturing,"Big Data, Data Analysis, Deep Learning",70854,Tokyo
2022-05-14 01:43:53.266533056,Deep Learning Engineer,Finance,"Deep Learning, Python, Data Analysis, TensorFlow",160084,Bangalore
2022-05-17 17:36:11.543086160,Deep Learning Engineer,Manufacturing,"TensorFlow, Machine Learning",108623,San Francisco
2022-05-21 09:28:29.819639280,AI Researcher,Manufacturing,"Python, PyTorch, TensorFlow, Big Data, Machine Learning",77392,London
2022-05-25 01:20:48.096192384,AI Engineer,Finance,"Big Data, Data Analysis, NLP, Python",125680,New York
2022-05-28 17:13:06.372745488,AI Engineer,Manufacturing,"Big Data, TensorFlow, NLP, Python, Machine Learning",116717,London
2022-06-01 09:05:24.649298592,Data Scientist,Healthcare,"Big Data, PyTorch, NLP",157092,London
2022-06-05 00:57:42.925851696,AI Researcher,Education,"Deep Learning, NLP, Computer Vision",120859,Berlin
2022-06-08 16:50:01.202404800,Deep Learning Engineer,Finance,"Computer Vision, Machine Learning, PyTorch, Data Analysis",174095,Bangalore
2022-06-12 08:42:19.478957904,Natural Language Processing Engineer,Retail,"Big Data, Computer Vision, Machine Learning",96309,New York
2022-06-16 00:34:37.755511008,AI Engineer,Manufacturing,"TensorFlow, Python, NLP, Computer Vision",157455,London
2022-06-19 16:26:56.032064128,Deep Learning Engineer,Finance,"NLP, Machine Learning, PyTorch, Deep Learning",133734,New York
2022-06-23 08:19:14.308617232,AI Engineer,Technology,"Deep Learning, PyTorch",140467,San Francisco
2022-06-27 00:11:32.585170336,AI Engineer,Technology,"Python, Deep Learning, PyTorch, Computer Vision, Data Analysis",122662,Berlin
2022-06-30 16:03:50.861723440,AI Engineer,Education,"Deep Learning, Machine Learning, Computer Vision, Big Data",168506,San Francisco
2022-07-04 07:56:09.138276544,Natural Language Processing Engineer,Healthcare,"Computer Vision, PyTorch, NLP, Machine Learning, TensorFlow",179751,New York
2022-07-07 23:48:27.414829648,AI Researcher,Education,"Machine Learning, TensorFlow, Data Analysis",82688,New York
2022-07-11 15:40:45.691382752,Natural Language Processing Engineer,Education,"PyTorch, TensorFlow, Computer Vision, Python, Big Data",95342,Bangalore
2022-07-15 07:33:03.967935872,Machine Learning Scientist,Education,"TensorFlow, Python, PyTorch, Computer Vision",107157,London
2022-07-18 23:25:22.244488976,Deep Learning Engineer,Education,"Big Data, NLP, Data Analysis",137863,London
2022-07-22 15:17:40.521042080,AI Researcher,Retail,"Data Analysis, NLP, Python, TensorFlow, PyTorch",176308,San Francisco
2022-07-26 07:09:58.797595184,AI Researcher,Retail,"Python, Machine Learning, Data Analysis",122083,Berlin
2022-07-29 23:02:17.074148288,AI Researcher,Finance,"NLP, Data Analysis, Python",176081,Tokyo
2022-08-02 14:54:35.350701392,AI Researcher,Technology,"Data Analysis, Python",135733,London
2022-08-06 06:46:53.627254496,Natural Language Processing Engineer,Education,"Computer Vision, NLP, TensorFlow",159045,Bangalore
2022-08-09 22:39:11.903807616,AI Researcher,Finance,"TensorFlow, PyTorch",104698,San Francisco
2022-08-13 14:31:30.180360720,Data Scientist,Technology,"NLP, Data Analysis, TensorFlow, PyTorch",150623,San Francisco
2022-08-17 06:23:48.456913824,Deep Learning Engineer,Manufacturing,"Deep Learning, Python, Data Analysis",92671,Tokyo
2022-08-20 22:16:06.733466928,AI Researcher,Healthcare,"Data Analysis, Deep Learning, Computer Vision, Machine Learning",95184,Bangalore
2022-08-24 14:08:25.010020032,Deep Learning Engineer,Retail,"Machine Learning, NLP, Computer Vision, TensorFlow",163384,Berlin
2022-08-28 06:00:43.286573136,Data Scientist,Manufacturing,"Computer Vision, Machine Learning, PyTorch, NLP, Data Analysis",112107,Bangalore
2022-08-31 21:53:01.563126240,Data Scientist,Technology,"NLP, Big Data, Machine Learning, TensorFlow, PyTorch",156202,Berlin
2022-09-04 13:45:19.839679360,Deep Learning Engineer,Manufacturing,"Data Analysis, TensorFlow",179893,Bangalore
2022-09-08 05:37:38.116232464,AI Engineer,Healthcare,"Machine Learning, Python, PyTorch",121663,Bangalore
2022-09-11 21:29:56.392785568,Machine Learning Scientist,Technology,"Big Data, NLP",85708,New York
2022-09-15 13:22:14.669338672,AI Engineer,Manufacturing,"TensorFlow, Deep Learning, Python, Machine Learning",161906,San Francisco
2022-09-19 05:14:32.945891776,AI Engineer,Retail,"Deep Learning, NLP",119811,Bangalore
2022-09-22 21:06:51.222444880,Natural Language Processing Engineer,Retail,"Python, Big Data, Machine Learning, PyTorch, Data Analysis",72811,Tokyo
2022-09-26 12:59:09.498997984,AI Engineer,Finance,"Deep Learning, NLP, Data Analysis, Computer Vision, PyTorch",126250,Bangalore
2022-09-30 04:51:27.775551088,AI Researcher,Manufacturing,"Machine Learning, Deep Learning, Python",142082,London
2022-10-03 20:43:46.052104208,Natural Language Processing Engineer,Education,"Data Analysis, Python, Machine Learning",104754,San Francisco
2022-10-07 12:36:04.328657312,Natural Language Processing Engineer,Manufacturing,"Machine Learning, Computer Vision",165742,London
2022-10-11 04:28:22.605210416,Data Scientist,Technology,"Python, Big Data, Machine Learning",176642,San Francisco
2022-10-14 20:20:40.881763520,AI Engineer,Technology,"PyTorch, TensorFlow",81411,London
2022-10-18 12:12:59.158316624,Data Scientist,Manufacturing,"Machine Learning, TensorFlow, Python, Big Data",72911,Bangalore
2022-10-22 04:05:17.434869728,Deep Learning Engineer,Healthcare,"Computer Vision, TensorFlow, Big Data, Deep Learning",137270,Bangalore
2022-10-25 19:57:35.711422832,Machine Learning Scientist,Retail,"PyTorch, Computer Vision, NLP, Deep Learning",153763,New York
2022-10-29 11:49:53.987975952,Natural Language Processing Engineer,Technology,"PyTorch, Machine Learning, Big Data, Deep Learning, Data Analysis",78680,Tokyo
2022-11-02 03:42:12.264529056,Deep Learning Engineer,Retail,"Big Data, Computer Vision",154896,London
2022-11-05 19:34:30.541082160,Deep Learning Engineer,Technology,"Deep Learning, Machine Learning, PyTorch, TensorFlow, Computer Vision",153879,Berlin
2022-11-09 11:26:48.817635264,AI Researcher,Finance,"Python, Deep Learning, NLP, Data Analysis, Machine Learning",141295,New York
2022-11-13 03:19:07.094188368,Machine Learning Scientist,Education,"Machine Learning, Data Analysis, Deep Learning",158614,London
2022-11-16 19:11:25.370741472,Deep Learning Engineer,Technology,"Python, NLP, Machine Learning",170689,London
2022-11-20 11:03:43.647294576,Deep Learning Engineer,Retail,"PyTorch, Data Analysis, Machine Learning, TensorFlow, Python",81111,New York
2022-11-24 02:56:01.923847696,Machine Learning Scientist,Finance,"PyTorch, Computer Vision, Big Data, TensorFlow",107504,Bangalore
2022-11-27 18:48:20.200400800,Machine Learning Scientist,Technology,"Computer Vision, Big Data, Deep Learning, PyTorch, TensorFlow",71802,London
2022-12-01 10:40:38.476953904,Deep Learning Engineer,Healthcare,"Big Data, Data Analysis",78155,Bangalore
2022-12-05 02:32:56.753507008,Machine Learning Scientist,Education,"Deep Learning, Computer Vision, PyTorch",143656,New York
2022-12-08 18:25:15.030060112,Deep Learning Engineer,Technology,"PyTorch, Python, Machine Learning",109384,Bangalore
2022-12-12 10:17:33.306613216,Deep Learning Engineer,Finance,"Python, Computer Vision, TensorFlow, Big Data, Machine Learning",117254,San Francisco
2022-12-16 02:09:51.583166320,AI Researcher,Healthcare,"Deep Learning, Data Analysis, NLP",91918,Berlin
2022-12-19 18:02:09.859719424,AI Engineer,Manufacturing,"Deep Learning, Data Analysis, TensorFlow, PyTorch, Machine Learning",155981,London
2022-12-23 09:54:28.136272544,Deep Learning Engineer,Finance,"NLP, Computer Vision, Big Data, PyTorch, Data Analysis",130713,Tokyo
2022-12-27 01:46:46.412825648,Data Scientist,Finance,"Deep Learning, Machine Learning",100306,Berlin
2022-12-30 17:39:04.689378752,Natural Language Processing Engineer,Healthcare,"NLP, Big Data, Machine Learning",86646,Bangalore
2023-01-03 09:31:22.965931856,AI Engineer,Finance,"Big Data, Python, PyTorch, Data Analysis, NLP",116843,London
2023-01-07 01:23:41.242484960,AI Engineer,Healthcare,"PyTorch, Computer Vision, TensorFlow, NLP",166601,Bangalore
2023-01-10 17:15:59.519038064,AI Engineer,Technology,"Big Data, Data Analysis",160735,San Francisco
2023-01-14 09:08:17.795591168,AI Researcher,Healthcare,"Computer Vision, Data Analysis, Big Data, PyTorch, Python",177512,New York
2023-01-18 01:00:36.072144288,Deep Learning Engineer,Healthcare,"PyTorch, NLP, Machine Learning",86371,London
2023-01-21 16:52:54.348697392,AI Researcher,Education,"Python, Computer Vision",147371,San Francisco
2023-01-25 08:45:12.625250496,Deep Learning Engineer,Healthcare,"Data Analysis, TensorFlow, NLP, Computer Vision",72049,San Francisco
2023-01-29 00:37:30.901803600,AI Researcher,Healthcare,"Machine Learning, Computer Vision, Python, Data Analysis",101616,London
2023-02-01 16:29:49.178356704,AI Researcher,Manufacturing,"Deep Learning, NLP, Data Analysis, Big Data, Computer Vision",173727,Bangalore
2023-02-05 08:22:07.454909808,Natural Language Processing Engineer,Technology,"Python, TensorFlow, PyTorch, NLP",90932,Tokyo
2023-02-09 00:14:25.731462912,Data Scientist,Education,"Computer Vision, Python",99855,San Francisco
2023-02-12 16:06:44.008016032,AI Researcher,Manufacturing,"PyTorch, TensorFlow, Big Data",131434,Berlin
2023-02-16 07:59:02.284569136,Natural Language Processing Engineer,Retail,"Python, NLP, Big Data, TensorFlow",142694,San Francisco
2023-02-19 23:51:20.561122240,Machine Learning Scientist,Technology,"Python, TensorFlow, PyTorch",113016,Tokyo
2023-02-23 15:43:38.837675344,Data Scientist,Technology,"PyTorch, Computer Vision, TensorFlow, Python",77400,Bangalore
2023-02-27 07:35:57.114228448,AI Researcher,Retail,"Deep Learning, PyTorch, Big Data",112642,Bangalore
2023-03-02 23:28:15.390781552,AI Engineer,Healthcare,"Data Analysis, Deep Learning",85151,Berlin
2023-03-06 15:20:33.667334656,Machine Learning Scientist,Manufacturing,"PyTorch, Deep Learning, Computer Vision, Machine Learning, Big Data",121407,San Francisco
2023-03-10 07:12:51.943887760,Machine Learning Scientist,Finance,"Computer Vision, Data Analysis",136690,Bangalore
2023-03-13 23:05:10.220440880,Natural Language Processing Engineer,Education,"Data Analysis, NLP, PyTorch, Computer Vision, Deep Learning",74499,Tokyo
2023-03-17 14:57:28.496993984,Machine Learning Scientist,Finance,"Machine Learning, PyTorch, TensorFlow, Computer Vision",76295,London
2023-03-21 06:49:46.773547088,Data Scientist,Retail,"PyTorch, Computer Vision, TensorFlow",129040,New York
2023-03-24 22:42:05.050100192,AI Researcher,Technology,"TensorFlow, Big Data, NLP",82183,New York
2023-03-28 14:34:23.326653296,AI Researcher,Technology,"NLP, Deep Learning, TensorFlow, PyTorch, Machine Learning",99299,New York
2023-04-01 06:26:41.603206400,AI Engineer,Education,"Machine Learning, Deep Learning, TensorFlow, PyTorch, Big Data",82874,San Francisco
2023-04-04 22:18:59.879759504,Natural Language Processing Engineer,Technology,"Python, TensorFlow, PyTorch",102711,Berlin
2023-04-08 14:11:18.156312624,AI Engineer,Technology,"PyTorch, Deep Learning",75539,Bangalore
2023-04-12 06:03:36.432865728,Machine Learning Scientist,Education,"Data Analysis, Big Data, Machine Learning",177941,London
2023-04-15 21:55:54.709418832,AI Engineer,Manufacturing,"Big Data, Deep Learning",123351,Tokyo
2023-04-19 13:48:12.985971936,Data Scientist,Manufacturing,"Data Analysis, NLP, TensorFlow, Big Data, Computer Vision",131267,London
2023-04-23 05:40:31.262525040,AI Researcher,Education,"Big Data, Python, TensorFlow, Deep Learning",118354,Tokyo
2023-04-26 21:32:49.539078144,Machine Learning Scientist,Retail,"TensorFlow, PyTorch, Big Data",72557,San Francisco
2023-04-30 13:25:07.815631248,AI Engineer,Technology,"Python, PyTorch, Big Data, TensorFlow, Computer Vision",108360,New York
2023-05-04 05:17:26.092184368,Natural Language Processing Engineer,Technology,"Machine Learning, TensorFlow, Big Data, PyTorch",152018,San Francisco
2023-05-07 21:09:44.368737472,Data Scientist,Retail,"Python, Big Data, Computer Vision",72200,Berlin
2023-05-11 13:02:02.645290576,Data Scientist,Manufacturing,"Deep Learning, Big Data, Computer Vision",138497,Berlin
2023-05-15 04:54:20.921843680,AI Engineer,Healthcare,"PyTorch, NLP, Machine Learning, TensorFlow",116975,Tokyo
2023-05-18 20:46:39.198396784,AI Researcher,Healthcare,"NLP, Data Analysis, Computer Vision",91357,Bangalore
2023-05-22 12:38:57.474949888,AI Engineer,Healthcare,"PyTorch, TensorFlow, Deep Learning",147505,Bangalore
2023-05-26 04:31:15.751502992,Machine Learning Scientist,Manufacturing,"PyTorch, NLP, Data Analysis, Computer Vision",72869,Tokyo
2023-05-29 20:23:34.028056096,AI Engineer,Manufacturing,"Computer Vision, TensorFlow, Machine Learning, PyTorch, NLP",131135,Berlin
2023-06-02 12:15:52.304609216,Data Scientist,Retail,"NLP, PyTorch",120108,Berlin
2023-06-06 04:08:10.581162320,AI Engineer,Technology,"TensorFlow, Deep Learning, Python",164179,Berlin
2023-06-09 20:00:28.857715424,AI Researcher,Retail,"Deep Learning, NLP, Python, Machine Learning, TensorFlow",160272,San Francisco
2023-06-13 11:52:47.134268528,Natural Language Processing Engineer,Retail,"Big Data, Python, Computer Vision, NLP, Deep Learning",108467,Berlin
2023-06-17 03:45:05.410821632,Deep Learning Engineer,Manufacturing,"TensorFlow, Machine Learning, Data Analysis, NLP",93328,London
2023-06-20 19:37:23.687374736,AI Engineer,Healthcare,"Machine Learning, Deep Learning, Python, Data Analysis, Big Data",161412,New York
2023-06-24 11:29:41.963927840,AI Researcher,Finance,"Data Analysis, Big Data, PyTorch, TensorFlow",156831,Berlin
2023-06-28 03:22:00.240480960,AI Researcher,Technology,"Deep Learning, Machine Learning",73987,Tokyo
2023-07-01 19:14:18.517034064,Natural Language Processing Engineer,Manufacturing,"NLP, Python, Big Data, Deep Learning",128871,New York
2023-07-05 11:06:36.793587168,Data Scientist,Healthcare,"Machine Learning, Deep Learning, Computer Vision, PyTorch",92399,San Francisco
2023-07-09 02:58:55.070140272,AI Researcher,Finance,"Big Data, TensorFlow, Computer Vision",116214,Tokyo
2023-07-12 18:51:13.346693376,AI Researcher,Finance,"NLP, Machine Learning",169522,New York
2023-07-16 10:43:31.623246480,AI Researcher,Manufacturing,"NLP, Big Data",156416,Tokyo
2023-07-20 02:35:49.899799584,AI Researcher,Education,"Deep Learning, Machine Learning, Computer Vision, NLP, Data Analysis",140271,San Francisco
2023-07-23 18:28:08.176352704,Machine Learning Scientist,Technology,"Big Data, Python, NLP",114064,London
2023-07-27 10:20:26.452905808,Machine Learning Scientist,Finance,"Big Data, PyTorch, Deep Learning",140091,San Francisco
2023-07-31 02:12:44.729458912,Data Scientist,Manufacturing,"PyTorch, Deep Learning",177450,San Francisco
2023-08-03 18:05:03.006012016,AI Engineer,Manufacturing,"Computer Vision, Big Data",110818,Tokyo
2023-08-07 09:57:21.282565120,AI Researcher,Healthcare,"TensorFlow, Machine Learning, Big Data, Python",115525,Bangalore
2023-08-11 01:49:39.559118224,Natural Language Processing Engineer,Education,"Python, NLP, PyTorch, TensorFlow, Computer Vision",89830,Berlin
2023-08-14 17:41:57.835671328,AI Engineer,Technology,"Computer Vision, Big Data, NLP",87429,Berlin
2023-08-18 09:34:16.112224432,Natural Language Processing Engineer,Retail,"NLP, Machine Learning, Computer Vision, TensorFlow, Deep Learning",76893,London
2023-08-22 01:26:34.388777552,AI Engineer,Healthcare,"PyTorch, NLP, Big Data",149909,London
2023-08-25 17:18:52.665330656,Data Scientist,Finance,"PyTorch, Data Analysis, Machine Learning",117333,Berlin
2023-08-29 09:11:10.941883760,AI Researcher,Finance,"Deep Learning, PyTorch, TensorFlow, Machine Learning, Python",73436,Bangalore
2023-09-02 01:03:29.218436864,AI Researcher,Healthcare,"Python, TensorFlow, Deep Learning, PyTorch, Big Data",144290,Berlin
2023-09-05 16:55:47.494989968,Deep Learning Engineer,Manufacturing,"TensorFlow, Data Analysis, Big Data, PyTorch",146213,Bangalore
2023-09-09 08:48:05.771543072,Natural Language Processing Engineer,Finance,"Big Data, Computer Vision",75895,London
2023-09-13 00:40:24.048096176,AI Engineer,Education,"NLP, TensorFlow, Big Data, Data Analysis",89738,New York
2023-09-16 16:32:42.324649296,AI Engineer,Technology,"Data Analysis, Machine Learning",100746,Tokyo
2023-09-20 08:25:00.601202400,Machine Learning Scientist,Education,"Python, Data Analysis, TensorFlow, Computer Vision",119377,London
2023-09-24 00:17:18.877755504,Deep Learning Engineer,Finance,"TensorFlow, Deep Learning, Python, PyTorch, Computer Vision",118404,London
2023-09-27 16:09:37.154308608,Machine Learning Scientist,Retail,"Big Data, Computer Vision",124045,San Francisco
2023-10-01 08:01:55.430861712,Machine Learning Scientist,Technology,"Data Analysis, Big Data, Machine Learning, NLP",167888,San Francisco
2023-10-04 23:54:13.707414816,Machine Learning Scientist,Technology,"Big Data, Computer Vision, Data Analysis, TensorFlow, PyTorch",109790,San Francisco
2023-10-08 15:46:31.983967920,Natural Language Processing Engineer,Healthcare,"Python, Machine Learning, NLP",177455,Tokyo
2023-10-12 07:38:50.260521040,Natural Language Processing Engineer,Healthcare,"Computer Vision, Big Data",75600,San Francisco
2023-10-15 23:31:08.537074144,Data Scientist,Retail,"Data Analysis, Computer Vision, PyTorch, TensorFlow, Python",164660,Bangalore
2023-10-19 15:23:26.813627248,Data Scientist,Manufacturing,"Machine Learning, Python, Computer Vision",163179,Berlin
2023-10-23 07:15:45.090180352,Machine Learning Scientist,Technology,"Data Analysis, NLP, Deep Learning, Python, PyTorch",110764,New York
2023-10-26 23:08:03.366733456,Deep Learning Engineer,Retail,"Python, NLP, Deep Learning, TensorFlow, Computer Vision",144543,London
2023-10-30 15:00:21.643286560,AI Engineer,Healthcare,"Deep Learning, NLP, Computer Vision",115714,Bangalore
2023-11-03 06:52:39.919839664,Natural Language Processing Engineer,Healthcare,"Python, Deep Learning, TensorFlow",126835,New York
2023-11-06 22:44:58.196392768,Deep Learning Engineer,Technology,"Data Analysis, Computer Vision, NLP, PyTorch",172946,Bangalore
2023-11-10 14:37:16.472945888,AI Researcher,Education,"Machine Learning, Python",179616,Bangalore
2023-11-14 06:29:34.749498992,Natural Language Processing Engineer,Finance,"PyTorch, Big Data",175983,London
2023-11-17 22:21:53.026052096,Natural Language Processing Engineer,Healthcare,"NLP, PyTorch, TensorFlow, Python, Data Analysis",143744,Berlin
2023-11-21 14:14:11.302605200,Data Scientist,Manufacturing,"NLP, Computer Vision, Python, Data Analysis",126491,San Francisco
2023-11-25 06:06:29.579158304,AI Engineer,Manufacturing,"PyTorch, Python, Deep Learning",88589,Tokyo
2023-11-28 21:58:47.855711408,AI Engineer,Healthcare,"Big Data, TensorFlow, Data Analysis",113484,Berlin
2023-12-02 13:51:06.132264512,AI Researcher,Education,"Python, Deep Learning, Computer Vision, PyTorch",152989,Tokyo
2023-12-06 05:43:24.408817632,AI Researcher,Education,"Python, Big Data",106212,London
2023-12-09 21:35:42.685370736,Natural Language Processing Engineer,Retail,"Computer Vision, Big Data",113525,London
2023-12-13 13:28:00.961923840,Machine Learning Scientist,Manufacturing,"Python, PyTorch, Data Analysis, Deep Learning",117202,London
2023-12-17 05:20:19.238476944,Data Scientist,Retail,"PyTorch, NLP, Deep Learning, Python, TensorFlow",102635,New York
2023-12-20 21:12:37.515030048,Data Scientist,Manufacturing,"Big Data, Deep Learning, Machine Learning, PyTorch",133208,Tokyo
2023-12-24 13:04:55.791583152,Natural Language Processing Engineer,Finance,"Data Analysis, Big Data, PyTorch",103828,Berlin
2023-12-28 04:57:14.068136256,Deep Learning Engineer,Finance,"TensorFlow, Data Analysis, Big Data",88711,Berlin
2023-12-31 20:49:32.344689376,Machine Learning Scientist,Technology,"Machine Learning, Python, Deep Learning",73420,Bangalore
2024-01-04 12:41:50.621242480,Natural Language Processing Engineer,Retail,"Data Analysis, PyTorch",166752,Bangalore
2024-01-08 04:34:08.897795584,Machine Learning Scientist,Healthcare,"PyTorch, Big Data, Python",70301,Bangalore
2024-01-11 20:26:27.174348688,Machine Learning Scientist,Retail,"TensorFlow, NLP",115236,London
2024-01-15 12:18:45.450901792,Machine Learning Scientist,Healthcare,"NLP, TensorFlow, Deep Learning",136235,Berlin
2024-01-19 04:11:03.727454896,Natural Language Processing Engineer,Education,"TensorFlow, Deep Learning, PyTorch, NLP, Big Data",124240,Tokyo
2024-01-22 20:03:22.004008000,Data Scientist,Retail,"NLP, Computer Vision",135726,London
2024-01-26 11:55:40.280561120,Data Scientist,Education,"Data Analysis, Python, Deep Learning",80492,New York
2024-01-30 03:47:58.557114224,Machine Learning Scientist,Finance,"Big Data, PyTorch, Machine Learning, Python, NLP",171279,Bangalore
2024-02-02 19:40:16.833667328,Deep Learning Engineer,Finance,"Data Analysis, Computer Vision, Python",76102,London
2024-02-06 11:32:35.110220432,AI Engineer,Technology,"Machine Learning, TensorFlow, Computer Vision, Python, Deep Learning",120336,London
2024-02-10 03:24:53.386773536,Natural Language Processing Engineer,Retail,"Deep Learning, PyTorch, Machine Learning, Big Data, Computer Vision",155314,New York
2024-02-13 19:17:11.663326640,AI Engineer,Education,"Machine Learning, NLP, Python, PyTorch",96641,San Francisco
2024-02-17 11:09:29.939879744,Deep Learning Engineer,Healthcare,"Computer Vision, Data Analysis, Deep Learning, Machine Learning, TensorFlow",104584,Berlin
2024-02-21 03:01:48.216432848,Natural Language Processing Engineer,Finance,"Big Data, Deep Learning, PyTorch",102745,Tokyo
2024-02-24 18:54:06.492985968,Machine Learning Scientist,Finance,"PyTorch, Big Data, Deep Learning, Python",93093,San Francisco
2024-02-28 10:46:24.769539072,Data Scientist,Healthcare,"Deep Learning, Python",136105,Bangalore
2024-03-03 02:38:43.046092176,AI Engineer,Education,"Data Analysis, TensorFlow, NLP, Machine Learning",173746,London
2024-03-06 18:31:01.322645280,AI Researcher,Education,"PyTorch, TensorFlow",170199,New York
2024-03-10 10:23:19.599198384,AI Researcher,Retail,"PyTorch, Computer Vision, Deep Learning",121885,New York
2024-03-14 02:15:37.875751488,Deep Learning Engineer,Retail,"PyTorch, NLP, Machine Learning, Deep Learning",106631,Berlin
2024-03-17 18:07:56.152304592,Machine Learning Scientist,Manufacturing,"PyTorch, Big Data, NLP, Deep Learning, Data Analysis",142991,San Francisco
2024-03-21 10:00:14.428857712,AI Engineer,Manufacturing,"Deep Learning, Data Analysis, Machine Learning, Computer Vision, TensorFlow",74014,Berlin
2024-03-25 01:52:32.705410816,Machine Learning Scientist,Technology,"Data Analysis, TensorFlow",81093,London
2024-03-28 17:44:50.981963920,AI Engineer,Finance,"TensorFlow, PyTorch, Deep Learning",88070,Berlin
2024-04-01 09:37:09.258517024,Deep Learning Engineer,Retail,"Python, TensorFlow, Computer Vision, Data Analysis, Machine Learning",105777,Tokyo
2024-04-05 01:29:27.535070128,Deep Learning Engineer,Education,"Data Analysis, TensorFlow, Machine Learning",126958,New York
2024-04-08 17:21:45.811623232,AI Researcher,Healthcare,"Deep Learning, Data Analysis, Big Data, Python",152074,New York
2024-04-12 09:14:04.088176336,Machine Learning Scientist,Education,"PyTorch, Computer Vision, Machine Learning, Data Analysis",80729,Bangalore
2024-04-16 01:06:22.364729456,Natural Language Processing Engineer,Finance,"Big Data, PyTorch, Computer Vision, Deep Learning",169713,Bangalore
2024-04-19 16:58:40.641282560,AI Researcher,Manufacturing,"Deep Learning, Python, NLP, Data Analysis",115017,London
2024-04-23 08:50:58.917835664,Machine Learning Scientist,Education,"Data Analysis, Big Data, NLP, Deep Learning",136320,Tokyo
2024-04-27 00:43:17.194388768,AI Researcher,Technology,"Big Data, Data Analysis",97751,San Francisco
2024-04-30 16:35:35.470941872,Natural Language Processing Engineer,Finance,"PyTorch, Deep Learning",176400,Berlin
2024-05-04 08:27:53.747494976,Data Scientist,Manufacturing,"Machine Learning, NLP",175864,London
2024-05-08 00:20:12.024048080,Data Scientist,Healthcare,"NLP, PyTorch, Python",148069,Bangalore
2024-05-11 16:12:30.300601184,Data Scientist,Manufacturing,"Deep Learning, Machine Learning",175647,Berlin
2024-05-15 08:04:48.577154304,Data Scientist,Technology,"Python, NLP, Machine Learning, Deep Learning, Data Analysis",175510,Bangalore
2024-05-18 23:57:06.853707408,AI Engineer,Finance,"Computer Vision, NLP, Big Data, Python, Data Analysis",124748,Berlin
2024-05-22 15:49:25.130260512,Data Scientist,Healthcare,"Python, TensorFlow, NLP, Machine Learning",75801,San Francisco
2024-05-26 07:41:43.406813616,Natural Language Processing Engineer,Technology,"NLP, TensorFlow, Data Analysis, PyTorch",89190,London
2024-05-29 23:34:01.683366720,Deep Learning Engineer,Manufacturing,"TensorFlow, Python, Machine Learning, PyTorch, NLP",119689,Berlin
2024-06-02 15:26:19.959919824,Deep Learning Engineer,Technology,"Computer Vision, PyTorch",174290,Tokyo
2024-06-06 07:18:38.236472928,AI Engineer,Finance,"Deep Learning, Machine Learning, PyTorch, Python, TensorFlow",120993,New York
2024-06-09 23:10:56.513026048,Data Scientist,Retail,"Big Data, PyTorch, Computer Vision, Data Analysis",99592,Tokyo
2024-06-13 15:03:14.789579152,Data Scientist,Technology,"Deep Learning, NLP",80647,Tokyo
2024-06-17 06:55:33.066132256,Data Scientist,Technology,"Python, Big Data, Computer Vision",78716,New York
2024-06-20 22:47:51.342685360,AI Researcher,Manufacturing,"PyTorch, Big Data, Data Analysis",158891,Tokyo
2024-06-24 14:40:09.619238464,Machine Learning Scientist,Manufacturing,"Big Data, Computer Vision, Python",157545,Berlin
2024-06-28 06:32:27.895791568,AI Researcher,Healthcare,"PyTorch, Deep Learning, Big Data, NLP",159912,Berlin
2024-07-01 22:24:46.172344672,Machine Learning Scientist,Manufacturing,"TensorFlow, PyTorch, Deep Learning",140316,Berlin
2024-07-05 14:17:04.448897792,Data Scientist,Education,"Data Analysis, Computer Vision, Big Data, PyTorch, TensorFlow",72368,New York
2024-07-09 06:09:22.725450896,Data Scientist,Finance,"Deep Learning, Computer Vision, NLP, Python, Big Data",147575,Tokyo
2024-07-12 22:01:41.002004000,AI Researcher,Finance,"Computer Vision, Big Data, Data Analysis, Machine Learning",76655,New York
2024-07-16 13:53:59.278557104,AI Researcher,Retail,"TensorFlow, Data Analysis, PyTorch, Computer Vision",176477,Berlin
2024-07-20 05:46:17.555110208,Machine Learning Scientist,Retail,"Computer Vision, PyTorch, Deep Learning, TensorFlow, Machine Learning",140031,Tokyo
2024-07-23 21:38:35.831663312,Deep Learning Engineer,Finance,"PyTorch, TensorFlow, Deep Learning, NLP",146429,Tokyo
2024-07-27 13:30:54.108216416,Machine Learning Scientist,Retail,"Deep Learning, Big Data",161083,Bangalore
2024-07-31 05:23:12.384769536,AI Researcher,Healthcare,"Computer Vision, Data Analysis, NLP, Deep Learning",157922,Bangalore
2024-08-03 21:15:30.661322624,Natural Language Processing Engineer,Manufacturing,"NLP, Python",125766,San Francisco
2024-08-07 13:07:48.937875744,AI Researcher,Finance,"Data Analysis, Machine Learning, TensorFlow, Deep Learning, PyTorch",83403,London
2024-08-11 05:00:07.214428832,Natural Language Processing Engineer,Retail,"NLP, Computer Vision, Big Data, Deep Learning, Machine Learning",102097,Bangalore
2024-08-14 20:52:25.490981952,AI Engineer,Finance,"PyTorch, TensorFlow, Big Data, Machine Learning, Python",148657,New York
2024-08-18 12:44:43.767535072,AI Researcher,Education,"Computer Vision, Deep Learning, Machine Learning, Big Data, PyTorch",80966,Bangalore
2024-08-22 04:37:02.044088160,AI Engineer,Technology,"TensorFlow, Computer Vision, Data Analysis, Python",169157,San Francisco
2024-08-25 20:29:20.320641280,Deep Learning Engineer,Manufacturing,"NLP, TensorFlow, Machine Learning, Deep Learning, Data Analysis",163848,Tokyo
2024-08-29 12:21:38.597194368,Machine Learning Scientist,Finance,"Python, NLP, Big Data, Deep Learning, Machine Learning",122921,San Francisco
2024-09-02 04:13:56.873747488,Natural Language Processing Engineer,Technology,"Computer Vision, Deep Learning",119726,Tokyo
2024-09-05 20:06:15.150300576,Machine Learning Scientist,Retail,"Computer Vision, Data Analysis, Deep Learning",120300,Tokyo
2024-09-09 11:58:33.426853696,AI Engineer,Technology,"Computer Vision, PyTorch",92677,London
2024-09-13 03:50:51.703406816,Natural Language Processing Engineer,Manufacturing,"Data Analysis, Computer Vision, PyTorch, Machine Learning",125609,Bangalore
2024-09-16 19:43:09.979959904,Machine Learning Scientist,Finance,"PyTorch, Python, Data Analysis, Deep Learning, NLP",166825,New York
2024-09-20 11:35:28.256513024,AI Researcher,Education,"Machine Learning, Computer Vision, Data Analysis, PyTorch, Big Data",126661,New York
2024-09-24 03:27:46.533066112,Data Scientist,Retail,"NLP, Python, Deep Learning, PyTorch, Big Data",101024,Berlin
2024-09-27 19:20:04.809619232,AI Engineer,Finance,"Deep Learning, Python, NLP, Machine Learning",178211,Tokyo
2024-10-01 11:12:23.086172320,Machine Learning Scientist,Manufacturing,"Data Analysis, Machine Learning, PyTorch",140313,New York
2024-10-05 03:04:41.362725440,AI Engineer,Retail,"TensorFlow, Big Data, Machine Learning",123006,London
2024-10-08 18:56:59.639278560,AI Engineer,Healthcare,"TensorFlow, Python, Big Data, PyTorch",165285,Tokyo
2024-10-12 10:49:17.915831648,Natural Language Processing Engineer,Technology,"Python, Deep Learning, Big Data",85338,London
2024-10-16 02:41:36.192384768,Natural Language Processing Engineer,Manufacturing,"PyTorch, Deep Learning",138027,New York
2024-10-19 18:33:54.468937856,Data Scientist,Healthcare,"NLP, Python, PyTorch, Machine Learning",162772,New York
2024-10-23 10:26:12.745490976,AI Researcher,Finance,"NLP, Machine Learning, PyTorch, Data Analysis",150135,Berlin
2024-10-27 02:18:31.022044064,AI Engineer,Education,"Big Data, Machine Learning, Python, NLP, PyTorch",89508,New York
2024-10-30 18:10:49.298597184,Machine Learning Scientist,Retail,"PyTorch, Big Data, TensorFlow, NLP, Machine Learning",73051,Tokyo
2024-11-03 10:03:07.575150304,Deep Learning Engineer,Technology,"Data Analysis, TensorFlow, Machine Learning, Deep Learning",118747,Tokyo
2024-11-07 01:55:25.851703392,AI Engineer,Retail,"Data Analysis, Python, Computer Vision, TensorFlow, Deep Learning",157142,Tokyo
2024-11-10 17:47:44.128256512,AI Engineer,Finance,"Python, Deep Learning, NLP",157235,Berlin
2024-11-14 09:40:02.404809600,Data Scientist,Retail,"Data Analysis, Machine Learning, Deep Learning, NLP",124021,Berlin
2024-11-18 01:32:20.681362720,AI Researcher,Technology,"Python, TensorFlow, Data Analysis, PyTorch, Deep Learning",136412,New York
2024-11-21 17:24:38.957915808,Deep Learning Engineer,Finance,"Data Analysis, TensorFlow, NLP",128335,San Francisco
2024-11-25 09:16:57.234468928,Natural Language Processing Engineer,Retail,"Python, Machine Learning, PyTorch, Deep Learning, TensorFlow",126179,San Francisco
2024-11-29 01:09:15.511022016,Natural Language Processing Engineer,Education,"Python, Deep Learning, PyTorch",102093,Berlin
2024-12-02 17:01:33.787575136,Machine Learning Scientist,Manufacturing,"TensorFlow, Python",139678,New York
2024-12-06 08:53:52.064128256,Deep Learning Engineer,Finance,"TensorFlow, Deep Learning, Computer Vision",150738,San Francisco
2024-12-10 00:46:10.340681344,Natural Language Processing Engineer,Manufacturing,"Big Data, Machine Learning",109734,New York
2024-12-13 16:38:28.617234464,Machine Learning Scientist,Finance,"PyTorch, Machine Learning",142615,New York
2024-12-17 08:30:46.893787552,AI Researcher,Education,"Deep Learning, Data Analysis, Python",143523,New York
2024-12-21 00:23:05.170340672,Machine Learning Scientist,Manufacturing,"Deep Learning, Data Analysis, Python, PyTorch, TensorFlow",175103,Bangalore
2024-12-24 16:15:23.446893760,Natural Language Processing Engineer,Healthcare,"NLP, Machine Learning",164476,Tokyo
2024-12-28 08:07:41.723446880,Data Scientist,Technology,"Computer Vision, Big Data, NLP, Python",172769,New York
2025-01-01 00:00:00.000000000,Data Scientist,Healthcare,"Python, PyTorch, NLP, Computer Vision",87019,Bangalore
